<?xml version="1.0" encoding="UTF-8"?>
<GenRun Id="outputBuffer_synth_1" LaunchPart="xc7z020clg484-1" LaunchTime="1606029756">
  <File Type="RDS-PROPCONSTRS" Name="outputBuffer_drc_synth.rpt"/>
  <File Type="PA-TCL" Name="outputBuffer.tcl"/>
  <File Type="RDS-RDS" Name="outputBuffer.vds"/>
  <File Type="RDS-UTIL" Name="outputBuffer_utilization_synth.rpt"/>
  <File Type="RDS-UTIL-PB" Name="outputBuffer_utilization_synth.pb"/>
  <File Type="RDS-DCP" Name="outputBuffer.dcp"/>
  <File Type="VDS-TIMINGSUMMARY" Name="outputBuffer_timing_summary_synth.rpt"/>
  <File Type="VDS-TIMING-PB" Name="outputBuffer_timing_summary_synth.pb"/>
  <FileSet Name="sources" Type="BlockSrcs" RelSrcDir="$PSRCDIR/outputBuffer">
    <File Path="$PSRCDIR/sources_1/ip/outputBuffer/outputBuffer.xci">
      <FileInfo>
        <Attr Name="UsedIn" Val="synthesis"/>
        <Attr Name="UsedIn" Val="implementation"/>
        <Attr Name="UsedIn" Val="simulation"/>
      </FileInfo>
    </File>
    <Config>
      <Option Name="TopModule" Val="outputBuffer"/>
      <Option Name="UseBlackboxStub" Val="1"/>
    </Config>
  </FileSet>
  <FileSet Name="constrs_in" Type="BlockSrcs" RelSrcDir="$PSRCDIR/outputBuffer">
    <File Path="$PSRCDIR/sources_1/ip/outputBuffer/outputBuffer.xci">
      <FileInfo>
        <Attr Name="UsedIn" Val="synthesis"/>
        <Attr Name="UsedIn" Val="implementation"/>
        <Attr Name="UsedIn" Val="simulation"/>
      </FileInfo>
    </File>
    <Config>
      <Option Name="TopModule" Val="outputBuffer"/>
      <Option Name="UseBlackboxStub" Val="1"/>
    </Config>
  </FileSet>
  <Strategy Version="1" Minor="2">
    <StratHandle Name="Vivado Synthesis Defaults" Flow="Vivado Synthesis 2016"/>
    <Step Id="synth_design"/>
  </Strategy>
</GenRun>
