<?xml version="1.0" encoding="UTF-8" ?>
<document>
<!--The data in this file is primarily intended for consumption by Xilinx tools.
The structure and the elements are likely to change over the next few releases.
This means code written to parse this file will need to be revisited each subsequent release.-->
<application name="pa" timeStamp="Wed Dec 09 00:03:46 2020">
<section name="Project Information" visible="false">
<property name="ProjectID" value="b1f07c4e22dd4b398ab10612aa046a80" type="ProjectID"/>
<property name="ProjectIteration" value="1" type="ProjectIteration"/>
</section>
<section name="PlanAhead Usage" visible="true">
<item name="Project Data">
<property name="SrcSetCount" value="1" type="SrcSetCount"/>
<property name="ConstraintSetCount" value="1" type="ConstraintSetCount"/>
<property name="DesignMode" value="RTL" type="DesignMode"/>
<property name="SynthesisStrategy" value="Vivado Synthesis Defaults" type="SynthesisStrategy"/>
<property name="ImplStrategy" value="Vivado Implementation Defaults" type="ImplStrategy"/>
</item>
<item name="Java Command Handlers">
<property name="AddSources" value="4" type="JavaHandler"/>
<property name="CoreView" value="3" type="JavaHandler"/>
<property name="CustomizeCore" value="3" type="JavaHandler"/>
<property name="EditDelete" value="2" type="JavaHandler"/>
<property name="ManageCompositeTargets" value="1" type="JavaHandler"/>
<property name="NewProject" value="1" type="JavaHandler"/>
<property name="ProjectSettingsCmdHandler" value="1" type="JavaHandler"/>
<property name="RecustomizeCore" value="1" type="JavaHandler"/>
<property name="RunSchematic" value="1" type="JavaHandler"/>
<property name="ShowView" value="1" type="JavaHandler"/>
<property name="SimulationClose" value="2" type="JavaHandler"/>
<property name="SimulationRun" value="6" type="JavaHandler"/>
<property name="SimulationRunAll" value="2" type="JavaHandler"/>
<property name="SimulationRunForTime" value="5" type="JavaHandler"/>
<property name="ToggleViewNavigator" value="1" type="JavaHandler"/>
<property name="ViewTaskRTLAnalysis" value="1" type="JavaHandler"/>
</item>
<item name="Gui Resources Info">
<property name="PAResourceCommand.PACommandNames_SIMULATION_LIVE_RUN_ALL, simulation_live_run_all" value="2" type="GuiResourceData"/>
<property name="PAResourceCommand.PACommandNames_SIMULATION_RUN_BEHAVIORAL, Run Behavioral Simulation" value="2" type="GuiResourceData"/>
<property name="PAResourceEtoH.ExpReportTreePanel_EXP_REPORT_TREE_TABLE, Utilization Report ; Sun Nov 22 12:54:03 IST 2020 ; 7051 ; , 7" value="1" type="GuiResourceData"/>
<property name="PAResourceEtoH.ExpReportTreePanel_EXP_REPORT_TREE_TABLE, Utilization Report ; Sun Nov 22 12:54:03 IST 2020 ; 7051 ; , 7, Utilization Report, 0, false" value="2" type="GuiResourceData"/>
<property name="PAResourceEtoH.ExpReportTreePanel_EXP_REPORT_TREE_TABLE, Utilization Report ; Sun Nov 22 12:54:03 IST 2020 ; 7051 ; , 7, Utilization Report, 0, false, false, false, false, false, true" value="1" type="GuiResourceData"/>
<property name="PAResourceEtoH.ExpReportTreePanel_EXP_REPORT_TREE_TABLE, outputBuffer_synth_1 ;  ;  ; , 5" value="3" type="GuiResourceData"/>
<property name="PAResourceEtoH.ExpReportTreePanel_EXP_REPORT_TREE_TABLE, outputBuffer_synth_1 ;  ;  ; , 5, outputBuffer_synth_1, 0, true" value="1" type="GuiResourceData"/>
<property name="PAResourceEtoH.FileSetPanel_FILE_SET_PANEL_TREE, [root, Design Sources, imageProcessTop (imageProcessTop.v" value="2" type="GuiResourceData"/>
<property name="PAResourceEtoH.FileSetPanel_FILE_SET_PANEL_TREE, [root, Simulation Sources, sim_1, tb (tb.v" value="2" type="GuiResourceData"/>
<property name="PAResourceEtoH.FileSetPanel_FILE_SET_PANEL_TREE, [root, Simulation Sources], 6" value="1" type="GuiResourceData"/>
<property name="PAResourceEtoH.FlowNavigatorTreePanel_FLOW_NAVIGATOR_TREE, [, RTL Analysis, Elaborated Design, Schematic], 18, false" value="1" type="GuiResourceData"/>
<property name="PAResourceEtoH.FlowNavigatorTreePanel_FLOW_NAVIGATOR_TREE, [, RTL Analysis, Open Elaborated Design], 14, true" value="1" type="GuiResourceData"/>
<property name="PAResourceEtoH.FlowNavigatorTreePanel_FLOW_NAVIGATOR_TREE, [, Simulation, Run Simulation], 11, false" value="2" type="GuiResourceData"/>
<property name="PAResourceOtoP.PAViews_PAR_REPORT, PAR Report" value="1" type="GuiResourceData"/>
<property name="tb.v, 468, 296" value="1" type="GuiResourceData"/>
<property name="tb.v, 468, 331" value="1" type="GuiResourceData"/>
</item>
<item name="Other">
<property name="GuiMode" value="212" type="GuiMode"/>
<property name="BatchMode" value="0" type="BatchMode"/>
<property name="TclMode" value="209" type="TclMode"/>
</item>
</section>
</application>
</document>
